Workbook
Name Small: Параметры!$B$4
Name Medium: Параметры!$B$5
Name Large: Параметры!$B$6

Sheet Параметры
A1: ПАРАМЕТРЫ ОЦЕНКИ
A3: Категория | B3: Часы | C3: Описание
A4: Small | B4: 6 | C4: hours
A5: Medium | B5: 12 | C5: from hours to a couple of days
A6: Large | B6: 24 | C6: assumes days
A8: 💡 Измените значения в колонке B для пересчета всех оценок

Sheet Сводка
A1: ОЦЕНКА ТРУДОЗАТРАТ - OUTPUT FORMATTING FEATURES
A3: КЛЮЧЕВЫЕ МЕТРИКИ
A4: Общая трудоемкость: | B4: =Задачи!E13 | C4: Критический путь: | D4: =MAX('Критический путь'!E4:E8)
A5: С параллелизмом: | B5: ~84 ч | C5: Срок завершения: | D5: ~11 дней
A6: Команда: | B6: 2 FE + 2 BE | C6: Приоритет #1: | D6: Начать T4
A8: 🔴 КРИТИЧЕСКИЙ ПУТЬ
A9: См. лист 'Критический путь' для детальной информации
A11: ✅ РЕКОМЕНДАЦИИ
A12: 1. Немедленно стартовать T4 (CAD export) - начало критического пути
A13: 2. Параллельно запустить T1 (Save As dialog) - блокирует T2
A14: 3. Проверить коммерческую лицензию ODA File Converter для T4
A15: 4. Распределить команду: BE Dev 1→критический путь, BE Dev 2→T1/T2
A16: 5. T10 отложить на фазу 2 (низкий приоритет)
A17: 6. T11 не планировать (заблокирована внешними данными)

Sheet Критический путь
A1: КРИТИЧЕСКИЙ ПУТЬ (определяет минимальный срок проекта)
A2: # | B2: ID | C2: Задача | D2: Часы | E2: Накопленное
A3: 1 | B3: T4 | C3: CAD export formats | D3: =Small | E3: =D3
A4: 2 | B4: T5 | C4: Revit-optimized DWG | D4: =Medium | E4: =E3+D4
A5: 3 | B5: T6 | C5: GIS export formats | D5: =Large | E5: =E4+D5
A6: 4 | B6: T7 | C6: ALTA/NSPS compliance | D6: =Medium+Small | E6: =E5+D6
A7: 5 | B7: T8 | C7: Color/B&W toggle | D7: =Small | E7: =E6+D7
C8: ИТОГО: | D8: =SUM(D3:D7) | E8: =E7

Sheet Задачи
A1: ВСЕ ЗАДАЧИ (11 шт)
A2: ID | B2: Название | C2: FE | D2: BE | E2: Всего | F2: Крит. | G2: Зависимости | H2: Приоритет
A3: T4 | B3: CAD export formats | C3: 0 | D3: =Small | E3: =D3+C3 | F3: ✓ | G3: — | H3: КРИТИЧЕСКИЙ
A4: T5 | B4: Revit-optimized DWG | C4: 0 | D4: =Medium | E4: =D4+C4 | F4: ✓ | G4: T4 | H4: КРИТИЧЕСКИЙ
A5: T6 | B5: GIS export formats | C5: 0 | D5: =Large | E5: =D5+C5 | F5: ✓ | G5: T5 | H5: КРИТИЧЕСКИЙ
A6: T7 | B6: ALTA/NSPS compliance | C6: 0 | D6: =Medium+Small | E6: =D6+C6 | F6: ✓ | G6: T4,T5,T6 | H6: КРИТИЧЕСКИЙ
A7: T8 | B7: Color/B&W toggle | C7: =Small | D7: =Small | E7: =D7+C7 | F7: ✓ | G7: T4,T5,T6 | H7: КРИТИЧЕСКИЙ
A8: T1 | B8: Universal Save As Dialog | C8: =Large | D8: =Medium | E8: =D8+C8 | F8: — | G8: — | H8: Высокий
A9: T2 | B9: Template-based export | C9: =Small | D9: =Large | E9: =D9+C9 | F9: — | G9: T1 | H9: Средний
A10: T3 | B10: Site Plan scale options | C10: =Medium | D10: =Medium | E10: =D10+C10 | F10: — | G10: — | H10: Средний
A11: T9 | B11: Dynamic legend | C11: 0 | D11: =Small | E11: =D11+C11 | F11: — | G11: — | H11: Низкий
A12: T10 | B12: Interactive PDF/SketchUp | C12: 0 | D12: =Large | E12: =D12+C12 | F12: — | G12: — | H12: НИЗКИЙ
A13: T11 | B13: Site Plan AI Q&A | C13: 0 | D13: =Small | E13: =D13+C13 | F13: — | G13: ⚠️ Блок. | H13: Н/Д
A14: ИТОГО | C14: =SUM(C3:C13) | D14: =SUM(D3:D13) | E14: =SUM(E3:E13)

Sheet Диаграмма Ганта
A1: ДИАГРАММА ГАНТА (Критический путь)
A2: Задача | B2: Начало (ч) | C2: Длительность (ч) | D2: Конец (ч)
A3: T4: CAD export | B3: 0 | C3: ='Критический путь'!D3 | D3: =B3+C3
A4: T5: Revit DWG | B4: =B3+C3 | C4: ='Критический путь'!D4 | D4: =B4+C4
A5: T6: GIS formats | B5: =B4+C4 | C5: ='Критический путь'!D5 | D5: =B5+C5
A6: T7: ALTA/NSPS | B6: =B5+C5 | C6: ='Критический путь'!D6 | D6: =B6+C6
A7: T8: Color toggle | B7: =B6+C6 | C7: ='Критический путь'!D7 | D7: =B7+C7
